adaugaAbonat ,  23:06 2020/06/04, AWT-EventQueue-0
adaugaAbonat ,  23:19 2020/06/04, AWT-EventQueue-0
afiseazaAbonatii ,  23:25 2020/06/04, main
imprumutaCarte ,  23:25 2020/06/04, AWT-EventQueue-0
afiseazaCartileImprumutate ,  23:26 2020/06/04, main
imprumutaCarte ,  23:27 2020/06/04, main
afiseazaAbonatii ,  23:27 2020/06/04, main
restituieCarte ,  23:32 2020/06/04, AWT-EventQueue-0
afiseazaCartileImprumutate ,  23:33 2020/06/04, main
afiseazaAbonatii ,  15:26 2020/06/06, main
adaugaAbonat ,  16:21 2020/06/07, AWT-EventQueue-0
imprumutaCarte ,  16:23 2020/06/07, AWT-EventQueue-0
imprumutaCarte ,  16:23 2020/06/07, AWT-EventQueue-0
afiseazaCartileImprumutate ,  16:25 2020/06/07, main
imprumutaCarte ,  16:25 2020/06/07, main
imprumutaCarte ,  16:32 2020/06/07, AWT-EventQueue-0
imprumutaCarte ,  16:36 2020/06/07, AWT-EventQueue-0
imprumutaCarte ,  16:43 2020/06/07, AWT-EventQueue-0
prelungesteTermenImprumut,  16:46 2020/06/07, AWT-EventQueue-0
prelungesteTermenImprumut,  16:46 2020/06/07, AWT-EventQueue-0
prelungesteTermenImprumut,  16:46 2020/06/07, AWT-EventQueue-0
prelungesteTermenImprumut,  16:46 2020/06/07, AWT-EventQueue-0
prelungesteTermenImprumut,  16:46 2020/06/07, AWT-EventQueue-0
prelungesteTermenImprumut,  16:52 2020/06/07, AWT-EventQueue-0
prelungesteTermenImprumut,  16:55 2020/06/07, AWT-EventQueue-0
prelungesteTermenImprumut,  16:57 2020/06/07, AWT-EventQueue-0
prelungesteTermenImprumut,  16:58 2020/06/07, AWT-EventQueue-0
prelungesteTermenImprumut,  16:59 2020/06/07, AWT-EventQueue-0
prelungesteTermenImprumut,  17:00 2020/06/07, AWT-EventQueue-0
prelungesteTermenImprumut,  17:01 2020/06/07, AWT-EventQueue-0
restituieCarte ,  17:01 2020/06/07, AWT-EventQueue-0
